Subset,Engines,RMSE,MAE,MAPE,NASA_Score,R2,Time_s
FD001,100,13.8715,10.5598,0.1705,308.4689,0.878254,116.1
FD002,259,17.492,14.0369,0.3548,1456.4427,0.831388,112.3
FD003,100,13.7178,9.9103,0.179,394.6095,0.875356,117.4
FD004,248,18.9298,14.5539,0.3534,2544.3433,0.802914,152.6
