Subset,Engines,RMSE,MAE,MAPE,NASA_Score,R2,Time_s
FD001,100,13.2348,9.8817,0.1448,272.2833,0.898567,73.5
FD002,259,26.9234,18.0534,0.2325,8840.8848,0.749367,157.9
FD003,100,14.3107,10.4107,0.1611,426.3734,0.880487,133.7
FD004,248,28.7807,19.8618,0.2577,23177.8008,0.721367,256.4
