Subset,Engines,RMSE,MAE,MAPE,NASA_Score,R2,Time_s
FD001,100,15.2068,11.1128,0.1677,412.9532,0.73916,181.7
FD002,259,15.0921,11.1325,0.21,1079.5122,0.677727,550.8
FD003,100,15.1782,9.9407,0.1723,1402.1804,0.768783,258.7
FD004,248,17.3432,12.39,0.2836,1974.66,0.670223,770.4
