Subset,Engines,RMSE,MAE,MAPE,NASA_Score,R2,Time_s
FD001,100,14.4452,11.4003,0.1931,310.904,0.772237,346.4
FD002,259,20.1899,15.9075,0.3198,1910.6569,0.434689,1854.1
FD003,100,15.2808,11.3466,0.1951,468.2272,0.782771,811.3
FD004,248,21.718,15.927,0.3761,7327.6455,0.517846,2162.9
