Subset,Engines,RMSE,MAE,MAPE,NASA_Score,R2,Time_s
FD001,100,15.4109,12.0643,0.2139,394.3684,0.752161,679.2
FD002,259,20.4416,15.7649,0.3247,3119.0947,0.471297,1756.0
FD003,100,15.3779,10.95,0.2069,742.561,0.754562,835.7
FD004,248,26.3185,20.5186,0.6621,13963.517,0.455585,983.8
