Subset,Engines,RMSE,MAE,MAPE,NASA_Score,R2,Time_s
FD001,100,14.697,11.4201,0.2017,351.5588,0.744042,100.0
FD002,259,23.3866,17.6553,0.5587,11453.003,0.51334,127.5
FD003,100,15.6622,10.9968,0.2155,867.6343,0.773438,102.7
FD004,248,22.7149,16.9824,0.4571,7702.8936,0.522985,235.5
